6665fa,127.0.0.1,GET,http://localhost:8888/,1456245582,,200
6e6b34,127.0.0.1,GET,http://localhost:8888/about?p=about,1456245584,,200
693eac,127.0.0.1,GET,http://localhost:8888/list?p=list,1456245585,,200
7a1627,127.0.0.1,GET,http://localhost:8888/contact?p=contact,1456245587,,404
37314c,127.0.0.1,GET,http://localhost:8888/sitemap?p=sitemap,1456245589,,200
11e157,127.0.0.1,GET,http://localhost:8888/contact?p=contact,1456245591,,404
a9d6e7,127.0.0.1,GET,http://localhost:8888/sitemap?p=sitemap,1456245593,,200
7ee711,127.0.0.1,GET,http://localhost:8888/contact?p=contact,1456245664,,404
9415a3,127.0.0.1,GET,http://localhost:8888/contact?p=contact,1456245666,,404
f57b05,127.0.0.1,GET,http://localhost:8888/sitemap?p=sitemap,1456245669,,200
588a26,127.0.0.1,GET,http://localhost:8888/contact?p=contact,1456245714,,200
205197,127.0.0.1,GET,http://localhost:8888/sitemap?p=sitemap,1456245716,,200
4fac7f,127.0.0.1,POST,http://localhost:8888/processIndexMessageForm?p=processIndexMessageForm,1456245730,,200
702293,127.0.0.1,GET,http://localhost:8888/about?p=about,1456245734,,200
eaf722,127.0.0.1,GET,http://localhost:8888/contact?p=contact,1456245737,,200
8a9ab0,127.0.0.1,GET,http://localhost:8888/sitemap?p=sitemap,1456245740,,200
f3fc87,127.0.0.1,GET,http://localhost:8888/sitemap?p=sitemap,1456245744,,200
34c056,127.0.0.1,GET,http://localhost:8888/about?p=about,1456245746,,200
6141a3,127.0.0.1,GET,http://localhost:8888/about?p=about,1456245757,,200
b6f744,127.0.0.1,GET,http://localhost:8888/sitemap?p=sitemap,1456245764,,200
4a8b69,127.0.0.1,GET,http://localhost:8888/sitemap?p=sitemap&p=sitemap,1456245864,,200
703c31,127.0.0.1,GET,http://localhost:8888/about?p=about,1456245867,,200
74316f,127.0.0.1,GET,http://localhost:8888/sitemap?p=sitemap,1456245870,,200
44639d,127.0.0.1,GET,http://localhost:8888/sitemap?p=sitemap,1456245922,,200
14dc39,127.0.0.1,GET,http://localhost:8888/sitemap?p=sitemap&p=sitemap,1456245938,,200
6762e2,127.0.0.1,GET,http://localhost:8888/sdf?p=sdf,1456245942,,404
1b113e,127.0.0.1,GET,http://localhost:8888/sdf?p=sdf&p=sdf,1456246050,,404
9b57cb,127.0.0.1,GET,http://localhost:8888/list?p=list,1456246054,,200
8b6c3d,127.0.0.1,GET,http://localhost:8888/,1456246058,,200
3ae698,127.0.0.1,POST,http://localhost:8888/processIndexMessageForm?p=processIndexMessageForm,1456246061,,200
9561c0,127.0.0.1,GET,http://localhost:8888/,1456246064,,200
337965,127.0.0.1,POST,http://localhost:8888/processIndexMessageForm?p=processIndexMessageForm,1456246067,,200
